id_disponibilidad,id_reserva
1685682000501,1685719932068
1685768400501,1685719932068
1685854800501,1685719932068
1685941200501,1685719932068
1686027600501,1685719932068
1686114000501,1685719932068
1686200400501,1685719932068
1686286800501,1685719932068
1686373200307,1685797729315
1686459600307,1685797729315
1686546000307,1685797729315
1686632400307,1685797729315
1686718800307,1685797729315
1685768400307,1685797729315
1685854800307,1685797729315
1685941200307,1685797729315
1686027600307,1685797729315
1686114000307,1685797729315
1686200400307,1685797729315
1686286800307,1685797729315
